,City,Cloudiness,Country,Date,Humidity,Lat,Lng,Max Temp,Wind Speed
0,puerto ayora,0,ES,1644202568,78,36.5939,-6.233,54.25,5.75
1,merauke,77,ID,1644202505,63,-8.4667,140.3333,86.92,7.47
2,ahipara,97,NZ,1644202569,96,-35.1667,173.1667,75.11,6.17
3,bredasdorp,13,ZA,1644202570,88,-34.5322,20.0403,65.28,5.75
4,hobyo,98,SO,1644202422,72,5.3505,48.5268,75.52,17.36
5,dong xoai,44,CM,1644202571,37,4.895,12.0057,63.54,0.4
6,lebu,3,CL,1644202571,92,-37.6167,-73.65,59.22,15.41
7,tiznit,4,MA,1644202572,22,29.5833,-9.5,60.64,6.98
8,mataura,8,NZ,1644202534,34,-46.1927,168.8643,60.48,2.75
9,apiai,59,BR,1644202572,100,-24.5094,-48.8425,63.93,2.19
10,albany,10,US,1644202573,75,42.6001,-73.9662,21.31,4.18
11,vagur,98,FO,1644202573,44,61.4732,-6.8119,36.84,13.09
12,avarua,75,CK,1644202574,69,-21.2078,-159.775,80.65,11.5
13,arkhara,100,RU,1644202575,93,49.4212,130.0842,-2.83,2.21
14,hamilton,100,US,1644202430,85,39.1834,-84.5333,30.97,3.09
15,port alfred,100,CD,1644202503,89,-7.0349,29.7638,69.89,2.35
16,hermanus,66,ZA,1644202576,92,-34.4187,19.2345,65.8,4.25
17,butaritari,71,KI,1644202577,76,3.0707,172.7902,81.84,15.43
18,danshui,100,CN,1644202577,85,22.7984,114.4672,65.88,5.84
19,leningradskiy,63,RU,1644202479,100,69.3833,178.4167,-26.57,2.82
20,kyaikto,8,MM,1644202578,48,17.3,97.0167,79.47,2.55
21,east london,100,IS,1644202579,92,65.0,-15.0,10.15,8.28
22,severo-kurilsk,100,RU,1644202367,83,50.6789,156.125,31.5,10.07
23,hokitika,100,NZ,1644202579,66,-42.7167,170.9667,63.82,3.44
24,malanje,80,AO,1644202580,86,-9.5402,16.341,59.05,2.68
25,cape town,0,CL,1644202580,40,-36.413,-71.9028,74.62,0.47
26,jamestown,63,US,1644202581,10,42.097,-79.2353,29.71,7.85
27,cidreira,8,BR,1644202581,74,-30.1811,-50.2056,68.22,7.81
28,gushikawa,99,JP,1644202582,59,26.3544,127.8686,65.43,11.86
29,aloleng,14,PH,1644202399,59,16.1307,119.7824,84.33,12.19
30,castro,2,BR,1644202502,84,-24.7911,-50.0119,61.56,2.1
31,katsuura,16,JP,1644202573,31,35.1333,140.3,46.51,4.5
32,anadyr,0,RU,1644202403,84,64.75,177.4833,-14.3,11.18
33,rio grande,91,GR,1644202583,87,38.3,21.7833,56.59,5.23
34,ushuaia,75,AR,1644202288,67,-54.8,-68.3,60.46,12.66
35,busselton,70,AU,1644202520,51,-33.65,115.3333,67.08,20.04
36,upernavik,100,GL,1644202336,100,72.7868,-56.1549,-14.49,8.41
37,rikitea,16,PF,1644202328,72,-23.1203,-134.9692,79.02,18.75
38,saint-francois,100,FR,1644202585,92,46.4154,3.9054,48.67,16.11
39,lagoa,7,PT,1644202585,85,39.05,-27.9833,59.56,16.49
40,barrow,13,US,1644202423,98,71.2906,-156.7887,-31.14,10.76
41,saint-philippe,94,RE,1644202422,85,-21.3585,55.7679,78.35,14.65
42,nome,8,US,1644202586,91,64.5011,-165.4064,-17.73,9.28
43,maceio,20,BR,1644202342,83,-9.6658,-35.7353,76.44,3.44
44,marawi,50,PH,1644202482,49,7.9986,124.2928,73.65,5.3
45,port elizabeth,100,CD,1644202587,89,-7.0349,29.7638,69.89,2.35
46,arraial do cabo,100,BR,1644202588,97,-22.8362,-46.646,74.61,1.01
47,hilo,85,US,1644202589,89,19.7297,-155.09,75.25,8.46
48,kavaratti,14,IN,1644202438,67,10.5669,72.642,77.65,6.93
49,olafsvik,100,IS,1644202590,92,64.8945,-23.7142,29.12,37.27
50,carutapera,100,BR,1644202590,94,-1.195,-46.02,75.67,4.45
51,alyangula,40,AU,1644202591,74,-13.8483,136.4192,87.67,9.22
52,key west,66,US,1644202591,47,32.7282,-101.7996,43.45,17.78
53,vaini,100,TO,1644202592,100,-21.2,-175.2,77.16,11.5
54,plettenberg bay,91,DE,1644202592,90,51.2167,7.8833,35.69,1.99
55,morehead,0,US,1644202593,94,37.2711,-87.1764,29.98,0.0
56,aklavik,100,CA,1644202593,91,68.2191,-135.0107,-22.97,19.39
57,tuktoyaktuk,75,CA,1644202593,68,69.4541,-133.0374,-27.4,12.66
58,auki,100,SB,1644202594,79,-8.7676,160.7034,84.31,11.12
59,waipawa,100,NZ,1644202595,90,-41.4122,175.5153,60.93,10.27
60,shaoguan,100,CN,1644202595,94,24.8,113.5833,50.99,2.37
61,mys shmidta,99,RU,1644202596,98,62.0589,48.6201,14.81,3.11
62,new norfolk,70,LR,1644202596,92,6.6518,-10.5932,75.58,0.16
63,esperance,18,AU,1644202597,53,-33.8667,121.9,73.24,28.1
64,ancud,5,CL,1644202598,89,-41.8697,-73.8203,58.53,2.86
65,punta arenas,99,PH,1644202598,63,8.9897,125.34,84.67,5.95
66,dingle,48,PH,1644202599,63,10.9995,122.6711,83.75,15.41
67,lompoc,0,US,1644202339,74,34.6391,-120.4579,59.18,3.44
68,mehamn,90,NO,1644202599,83,71.0357,27.8492,18.45,13.51
69,grand river south east,2,US,1644202600,44,38.8755,-109.5012,30.6,5.23
70,fukue,75,JP,1644202601,53,32.6881,128.8419,44.96,5.75
71,pevek,27,RU,1644202333,98,69.7008,170.3133,-23.37,0.92
72,isangel,100,VU,1644202601,94,-19.55,169.2667,82.51,13.8
73,klaksvik,100,FO,1644202602,50,62.2266,-6.589,29.32,15.43
74,samarai,88,PG,1644202388,70,-10.6167,150.6667,85.35,11.61
75,vila velha,48,PT,1644202549,81,42.0304,-8.1588,39.33,5.37
76,portobelo,30,PA,1644202603,80,9.55,-79.65,77.41,9.17
77,ust-kulom,100,RU,1644202604,92,61.6864,53.6902,14.92,6.91
78,maumelle,0,US,1644202604,80,34.8668,-92.4043,37.06,1.63
79,qaanaaq,29,GL,1644202605,59,77.484,-69.3632,-11.67,7.25
80,mahenge,100,TZ,1644202457,97,-8.6833,36.7167,62.91,0.92
81,provideniya,0,RU,1644202606,66,64.3833,-173.3,3.31,13.42
82,hobart,20,AU,1644202524,42,-42.8794,147.3294,78.22,1.01
83,fortuna,0,US,1644202606,94,40.5982,-124.1573,49.19,0.0
84,zabrisce,100,BA,1644202607,99,43.7925,16.9422,43.29,10.2
85,acapulco,2,MX,1644202521,71,16.8634,-99.8901,77.85,8.72
86,barreirinhas,8,BR,1644202607,89,-2.7469,-42.8264,76.87,5.68
87,wanning,63,CN,1644202608,85,18.8003,110.3967,74.86,7.65
88,konokovo,78,RU,1644202608,94,44.8616,41.3266,28.99,4.99
89,dikson,100,RU,1644202609,97,73.5069,80.5464,-13.05,16.33
90,mogadishu,40,SO,1644202506,83,2.0371,45.3438,76.87,14.97
91,bocaiuva,100,BR,1644202609,97,-17.1078,-43.815,69.51,1.61
92,lorengau,99,PG,1644202610,76,-2.0226,147.2712,83.64,7.54
93,stuttgart,75,DE,1644202610,89,48.7823,9.177,39.65,17.27
94,victoria,100,HK,1644202394,90,22.2855,114.1577,65.97,1.99
95,asmara,27,ER,1644202611,76,15.3333,38.9333,47.59,3.65
96,mount gambier,3,GB,1644202612,83,53.6597,-1.8537,37.51,1.99
97,fairbanks,100,US,1644202564,76,64.8378,-147.7164,-3.41,0.0
98,darhan,17,MN,1644202612,82,49.4867,105.9228,3.47,6.71
99,cabo san lucas,34,BR,1644202613,72,-8.2833,-35.0333,82.33,5.23
100,faanui,100,PF,1644202614,75,-16.4833,-151.75,81.01,20.13
101,crucea,92,RO,1644202614,67,44.5333,28.2333,30.29,7.58
102,mar del plata,100,ES,1644202615,67,43.4002,-4.0094,51.03,5.99
103,kahului,33,US,1644202615,71,20.8947,-156.47,74.97,12.77
104,ribeira grande,0,ES,1644202616,87,42.7461,-8.4439,49.66,3.0
105,airai,29,TL,1644202351,61,-8.9266,125.4092,75.2,2.35
106,bell ville,0,US,1644202616,62,31.0502,-97.4669,47.75,4.59
107,hithadhoo,31,MV,1644202617,69,-0.6,73.0833,82.42,14.14
108,mareeba,49,AU,1644202617,72,-17.0,145.4333,84.67,5.82
109,carnarvon,6,AU,1644202618,36,-24.8667,113.6333,78.87,21.85
110,mizdah,69,LY,1644202619,36,31.4451,12.9801,49.53,3.67
111,sioux lookout,0,US,1644202619,73,42.7333,-96.2336,24.91,5.75
112,adana,0,TR,1644202619,93,36.985,35.2881,37.92,1.14
113,bocas del toro,3,CU,1644202620,70,21.0716,-76.2737,73.45,10.45
114,kadrina,100,EE,1644202621,95,59.3347,26.145,30.36,4.79
115,tibu,50,CO,1644202622,94,8.639,-72.7358,71.73,2.59
116,kapaa,10,US,1644202622,69,22.0752,-159.319,76.48,1.99
117,chumikan,16,RU,1644202623,80,54.7183,135.315,-1.1,13.96
118,taoudenni,7,ML,1644202623,14,22.6783,-3.9836,64.72,10.18
119,yellowknife,20,CA,1644202624,88,62.456,-114.3525,-2.58,5.75
120,saskylakh,93,RU,1644202625,100,71.9167,114.0833,-27.18,4.09
121,vardo,59,NO,1644202625,82,70.3705,31.1107,23.14,20.94
122,shimanovsk,29,RU,1644202626,71,52.0,127.7,7.21,0.76
123,husavik,100,IS,1644202626,85,66.0449,-17.3389,24.71,14.5
124,krasnoarmeysk,83,RU,1644202627,97,51.0239,45.6969,12.4,6.78
125,avera,99,US,1644202544,54,33.194,-82.5271,41.72,6.71
126,crab hill,100,US,1644202628,79,37.2651,-76.4911,40.01,5.01
127,kodiak,100,US,1644202431,70,57.79,-152.4072,32.5,6.8
128,ibra,1,OM,1644202629,81,22.6906,58.5334,60.82,1.41
129,agaro,15,ET,1644202629,69,7.85,36.65,58.62,1.86
130,geraldton,40,AU,1644202362,33,-28.7667,114.6,77.41,14.97
131,ugoofaaru,66,MV,1644202630,71,5.6667,73.0,80.74,10.07
132,buala,97,SB,1644202631,71,-8.145,159.5921,86.63,12.3
133,torbay,75,CA,1644202546,75,47.6666,-52.7314,13.57,16.11
134,takoradi,100,GH,1644202333,86,4.8845,-1.7554,78.87,5.26
135,antalaha,41,MG,1644202632,84,-14.9003,50.2788,74.95,4.25
136,high level,3,US,1644202632,63,33.6123,-95.7472,43.18,2.01
137,gejiu,79,CN,1644202633,83,23.306,103.1635,45.64,4.76
138,mahibadhoo,64,MV,1644202633,66,3.7833,72.9667,81.01,10.27
139,santa maria,38,PH,1644202633,90,17.486,120.4348,83.01,1.88
140,vao,42,NC,1644202634,82,-22.6667,167.4833,80.89,11.63
141,donskoye,96,RU,1644202635,89,45.4552,41.9741,30.33,10.49
142,hambantota,75,LK,1644202635,88,6.1241,81.1185,77.34,4.61
143,zhigansk,93,RU,1644202636,99,66.7697,123.3711,-29.15,3.89
144,zhanaozen,100,KZ,1644202636,82,43.3,52.8,33.15,2.3
145,dudinka,39,RU,1644202637,100,69.4058,86.1778,-35.68,2.91
146,vila franca do campo,48,PT,1644202468,81,42.0304,-8.1588,39.33,5.37
147,krasnoselkup,34,RU,1644202608,100,65.7,82.4667,-24.0,6.26
148,atuona,12,PF,1644202349,77,-9.8,-139.0333,78.8,17.09
149,lenger,100,KZ,1644202638,98,42.183,69.8839,27.84,3.85
150,bluff,0,NZ,1644202638,66,-46.6,168.3333,60.8,13.38
151,riyadh,0,SA,1644202530,46,24.6877,46.7219,46.54,4.25
152,port-gentil,33,GA,1644202639,84,-0.7193,8.7815,79.66,10.49
153,price,4,US,1644202640,61,39.5994,-110.8107,33.12,6.02
154,sitka,100,US,1644202640,98,57.0531,-135.33,40.8,6.76
155,margate,5,GB,1644202641,70,51.3813,1.3862,41.88,8.99
156,esso,98,RU,1644202641,90,55.9333,158.7,17.69,3.89
157,narsaq,100,GL,1644202642,82,60.9167,-46.05,9.0,5.57
158,ostrovnoy,16,RU,1644202643,88,68.0531,39.5131,11.53,18.66
159,port hardy,100,CD,1644202643,89,-7.0349,29.7638,69.89,2.35
160,grand-lahou,44,CI,1644202644,87,5.1367,-5.0242,78.37,4.27
161,punta alta,99,PH,1644202598,63,8.9897,125.34,84.67,5.95
162,sorland,100,NO,1644202645,75,67.667,12.6934,38.19,16.82
163,sola,100,VU,1644202645,80,-13.8833,167.55,82.92,20.38
164,sochi,100,RU,1644202530,74,43.6,39.7303,35.69,9.08
165,lodja,100,CD,1644202646,96,-3.4833,23.4333,70.12,2.3
166,nikolskoye,100,RU,1644202647,97,59.7035,30.7861,36.88,6.98
167,chokurdakh,79,RU,1644202647,99,70.6333,147.9167,-39.73,3.85
168,padang,100,ID,1644202647,68,-0.9492,100.3543,84.25,1.23
169,choix,0,MX,1644202648,47,26.7092,-108.3219,60.93,1.88
170,kayes,0,ML,1644202648,10,14.0,-11.0,73.45,5.99
171,pemangkat,100,ID,1644202616,84,1.1667,108.9667,79.65,4.76
172,kibala,2,TD,1644202649,17,9.1104,18.3463,71.28,5.12
173,outjo,100,NA,1644202649,87,-20.1167,16.15,64.65,3.8
174,ambon,40,ID,1644202650,66,-3.6954,128.1814,87.94,4.61
175,barceloneta,51,PR,1644202651,99,18.4505,-66.5385,74.57,11.72
176,mount isa,3,GB,1644202651,83,53.6597,-1.8537,37.51,1.99
177,alice springs,100,US,1644202652,82,27.7523,-98.0697,58.57,7.78
178,praia,0,CV,1644202653,83,14.9215,-23.5087,68.54,12.66
179,kruisfontein,0,ZA,1644202653,65,-34.0033,24.7314,69.69,4.56
180,bathsheba,40,BB,1644202653,83,13.2167,-59.5167,77.61,14.97
181,bethel,28,US,1644202654,83,41.3712,-73.414,28.65,1.81
182,omboue,74,GA,1644202447,87,-1.5746,9.2618,77.04,5.46
183,san patricio,0,ML,1644202655,13,13.3034,-4.8956,70.2,8.03
184,palu,99,ID,1644202655,64,-0.8917,119.8707,88.3,3.33
185,billings,29,US,1644202506,57,45.7833,-108.5007,38.93,10.27
186,gizo,100,SB,1644202656,72,-8.103,156.8419,85.51,13.58
187,cayenne,75,GF,1644202605,87,4.9333,-52.3333,80.1,4.0
188,helong,61,CN,1644202657,54,42.5397,128.9972,20.48,8.66
189,tarragona,7,ES,1644202657,70,41.129,1.249,50.05,8.59
190,haftoni,40,AZ,1644202658,60,38.7632,48.7622,35.31,8.05
191,tanete,42,ID,1644202658,72,-3.9443,119.7848,85.98,3.85
192,san cristobal,0,ML,1644202655,13,13.3034,-4.8956,70.2,8.03
193,brae,95,GB,1644202530,57,60.3964,-1.353,39.11,30.4
194,klyuchevskiy,7,RU,1644202659,75,53.5317,119.4519,5.05,2.64
195,ormara,15,PK,1644202660,83,25.2088,64.6357,70.47,5.79
196,jiangyou,100,CN,1644202660,97,31.7667,104.7167,38.41,2.62
197,guerrero negro,35,MX,1644202661,69,17.6667,-100.0,63.73,4.61
198,nizhniy odes,60,RU,1644202661,88,45.3926,39.2364,33.98,6.69
199,pestovo,69,RU,1644202662,94,58.5938,35.8024,22.35,9.13
200,athens,20,GR,1644202440,88,37.9795,23.7162,54.39,1.01
201,sao filipe,34,IN,1644202663,30,20.5113,76.2129,68.31,2.8
202,cherskiy,25,RU,1644202601,100,68.75,161.3,-27.85,1.28
203,coihaique,0,CL,1644202664,63,-45.5752,-72.0662,68.61,3.44
204,acarau,1,BR,1644202664,80,-2.8856,-40.12,78.48,11.3
205,ingham,0,US,1644202665,74,42.6,-84.3833,28.17,0.0
206,tasiilaq,100,GL,1644202381,53,65.6145,-37.6368,17.4,60.31
207,antofagasta,28,CL,1644202536,76,-23.65,-70.4,65.48,1.43
208,saint-pierre,0,RE,1644202666,78,-21.3393,55.4781,78.44,4.61
209,ouadda,21,CF,1644202666,20,8.0777,22.4007,61.34,6.96
210,madre de deus,79,BR,1644202667,80,-28.5337,-48.9112,71.04,4.63
211,kimbe,82,PG,1644202667,72,-5.5502,150.1429,85.3,7.0
212,kyabe,0,TD,1644202668,16,9.4515,18.9449,70.77,6.6
213,svetlogorsk,100,BY,1644202534,97,52.6333,29.7333,32.04,14.99
214,namibe,95,AO,1644202622,70,-15.1961,12.1522,72.28,7.43
215,sol-iletsk,100,RU,1644202387,96,51.1631,54.9918,16.12,7.43
216,chapais,100,CA,1644202669,95,49.7834,-74.8492,4.78,5.53
217,mastic beach,85,US,1644202670,81,40.802,-72.8409,33.94,5.99
218,adamas,30,GR,1644202670,72,36.7333,24.4333,56.46,12.15
219,rocha,100,UY,1644202671,85,-34.4833,-54.3333,62.85,13.89
220,souillac,75,MU,1644202671,94,-20.5167,57.5167,77.38,3.44
221,lima,20,PE,1644202672,37,-12.0432,-77.0282,68.4,8.05
222,natal,20,BR,1644202393,78,-5.795,-35.2094,80.82,5.75
223,lerwick,63,GB,1644202673,55,60.1545,-1.1494,39.2,30.22
224,korla,57,CN,1644202673,43,41.7597,86.1469,25.38,3.33
225,huarmey,100,PE,1644202434,78,-10.0681,-78.1522,71.37,6.38
226,pokosnoye,100,RU,1644202674,91,55.5258,101.0536,14.67,3.51
227,pareora,93,NZ,1644202675,64,-44.4871,171.2132,64.18,13.33
228,kvitok,100,RU,1644202675,88,56.0724,98.4813,16.43,2.98
229,biak,99,ID,1644202676,65,-0.9131,122.8766,83.59,1.9
230,yakovlevka,100,RU,1644202676,73,44.425,133.4772,13.24,4.83
231,egvekinot,1,RU,1644202676,85,66.3167,-179.1667,-13.27,9.75
232,talnakh,56,RU,1644202677,98,69.4865,88.3972,-28.16,0.69
233,sampit,100,ID,1644202677,94,-2.5333,112.95,74.88,1.59
234,adrar,2,MR,1644202678,11,20.5022,-10.0711,63.27,9.82
235,tshikapa,100,CD,1644202508,95,-6.4167,20.8,69.04,1.23
236,tiarei,61,PF,1644202678,75,-17.5333,-149.3333,84.22,20.76
237,jackson,0,US,1644202444,56,42.4165,-122.8345,54.05,1.01
238,port lincoln,100,CD,1644202503,89,-7.0349,29.7638,69.89,2.35
239,pisco,40,PE,1644202679,94,-13.7,-76.2167,67.01,5.75
240,luderitz,40,NA,1644202680,78,-26.6481,15.1594,67.19,3.09
241,dumas,0,US,1644202680,86,35.8656,-101.9732,35.04,6.91
242,palmas de monte alto,40,BR,1644202680,94,-10.2128,-48.3603,75.07,3.44
243,ngunguru,100,NZ,1644202681,99,-35.6167,174.5,77.16,9.48
244,mahebourg,75,MU,1644202682,94,-20.4081,57.7,77.29,3.44
245,arshan,100,RU,1644202682,92,46.2732,44.22,30.58,15.66
246,iqaluit,0,CA,1644202662,65,63.7506,-68.5145,-38.31,2.3
247,thompson,100,CA,1644202683,71,55.7435,-97.8558,-7.44,5.75
248,vawkavysk,100,BY,1644202683,98,53.1561,24.4513,34.57,17.94
249,ilulissat,100,GL,1644202684,99,69.2167,-51.1,-3.55,8.57
250,fuerte olimpo,41,PH,1644202684,90,17.5381,120.3644,83.1,1.61
251,umtata,3,ZA,1644202685,95,-31.5889,28.7844,60.84,4.18
252,vanimo,100,PG,1644202685,79,-2.6741,141.3028,82.27,4.63
253,upington,20,ZA,1644202686,78,-28.4478,21.2561,70.18,9.22
254,poya,95,NC,1644202686,85,-21.35,165.15,82.44,12.68
255,soe,32,ID,1644202687,59,-9.8607,124.284,81.66,2.86
256,lingyuan,100,CN,1644202688,37,41.24,119.4011,25.79,3.29
257,abu dhabi,0,IN,1644202688,48,24.6,72.7,51.98,1.43
258,paamiut,100,GL,1644202689,78,61.994,-49.6678,10.49,27.0
259,bengkulu,99,ID,1644202690,70,-3.8004,102.2655,81.64,10.8
260,kollam,31,IN,1644202690,73,8.8833,76.6,76.87,6.53
261,mafra,35,BR,1644202691,98,-26.1114,-49.8053,67.95,2.46
262,pangnirtung,100,CA,1644202691,96,66.1451,-65.7125,-38.09,4.47
263,zhezkazgan,100,KZ,1644202692,86,47.8043,67.7144,22.98,24.61
264,santa ana,38,PH,1644202692,90,17.486,120.4348,83.01,1.88
265,nanortalik,100,GL,1644202613,62,60.1432,-45.2371,17.42,46.19
266,west monroe,0,US,1644202694,75,31.8024,-97.0917,45.34,3.44
267,panaba,0,MX,1644202694,89,21.2833,-88.2667,68.16,6.22
268,ryotsu,100,JP,1644202695,61,38.0833,138.4333,35.56,14.23
269,sterling,0,US,1644202570,54,39.0062,-77.4286,33.28,3.0
270,arman,72,RU,1644202695,73,59.7,150.1667,17.02,6.35
271,pauini,100,BR,1644202696,93,-7.7136,-66.9764,74.73,1.23
272,suket,0,IN,1644202697,31,24.65,76.0333,61.36,2.8
273,rundu,98,NA,1644202697,89,-17.9333,19.7667,66.13,4.79
274,garden city,71,DE,1644202698,83,53.688,12.0492,37.62,17.16
275,muana,100,BR,1644202698,95,-1.5283,-49.2167,74.61,3.15
276,college,100,US,1644202699,77,64.8569,-147.8028,-5.01,3.33
277,khatanga,99,RU,1644202616,98,71.9667,102.5,-17.07,9.6
278,stelle,81,DE,1644202700,83,53.3842,10.1114,37.15,13.44
279,portland,23,US,1644202408,83,45.5234,-122.6762,50.2,1.01
280,qasigiannguit,100,GL,1644202701,97,68.8193,-51.1922,-2.87,9.33
281,richards bay,0,US,1644202702,84,46.8361,-95.9123,-4.72,0.0
282,kalianget,93,ID,1644202702,82,-7.05,113.9333,80.92,13.42
283,saurimo,100,AO,1644202457,96,-9.6608,20.3916,61.65,3.47
284,sisimiut,100,GL,1644202703,92,66.9395,-53.6735,4.08,13.94
285,megion,7,RU,1644202703,98,61.0296,76.1136,-3.98,8.59
286,bella vista,91,IT,1644202704,97,40.7609,15.5406,47.03,10.67
287,hofn,100,IS,1644202703,76,64.2539,-15.2082,31.5,17.96
288,encheng,100,CN,1644202705,66,22.1839,112.3026,58.96,3.0
289,jumla,92,NP,1644202705,38,29.2747,82.1838,43.68,1.03
290,tura,1,IN,1644202705,56,25.5198,90.2201,61.97,1.19
291,manaure,3,CO,1644202706,80,11.7751,-72.4445,77.32,14.0
292,hadsten,21,DK,1644202706,94,56.3282,10.0493,38.53,20.8
293,dosso,0,NE,1644202707,16,13.049,3.1937,65.8,10.6
294,ayan,92,RU,1644202423,60,56.45,138.1667,8.04,5.77
295,xapuri,100,BR,1644202708,99,-10.6517,-68.5044,72.23,3.31
296,penzance,100,GB,1644202708,83,50.1186,-5.5371,49.77,8.93
297,menongue,100,AO,1644202710,97,-14.6585,17.691,59.09,6.11
298,castle rock,5,GB,1644202710,80,52.1376,-0.4548,41.67,12.97
299,nelson bay,100,NZ,1644202710,85,-41.2833,173.2833,60.8,6.46
300,beringovskiy,17,RU,1644202411,94,63.05,179.3167,-13.88,5.17
301,heinola,100,FI,1644202711,97,61.2056,26.0381,32.09,5.26
302,rosarno,64,IT,1644202712,90,38.4841,15.979,56.17,8.66
303,kuminskiy,100,RU,1644202712,89,58.6667,66.5667,6.67,7.29
304,touros,19,BR,1644202712,76,-5.1989,-35.4608,79.7,8.86
305,sorong,100,ID,1644202713,72,-0.8833,131.25,83.64,8.41
306,tazmalt,20,DZ,1644202714,95,36.3868,4.3989,46.53,2.33
307,port moresby,100,CD,1644202587,89,-7.0349,29.7638,69.89,2.35
308,ampanihy,100,MG,1644202714,88,-24.7,44.75,73.6,14.79
309,taltal,2,CL,1644202715,75,-25.4,-70.4833,67.33,4.27
310,gardez,49,AF,1644202715,88,33.5974,69.2259,15.98,3.49
311,charyshskoye,4,RU,1644202716,73,51.3978,83.5598,12.04,5.26
312,grand gaube,2,US,1644202716,44,38.8755,-109.5012,30.6,5.23
313,qui nhon,56,BR,1644202717,94,-10.9706,-37.5959,79.34,3.22
314,phalaborwa,5,ZA,1644202717,84,-23.943,31.1411,69.08,9.53
315,minna,2,NG,1644202717,18,9.6139,6.5569,74.75,9.75
316,bambous virieux,99,MU,1644202718,85,-20.2567,57.4061,76.15,8.63
317,wladyslawowo,56,PL,1644202718,87,54.7909,18.4009,38.01,16.93
318,miri,40,MY,1644202719,79,4.4148,114.0089,84.34,3.44
319,shikhany,73,RU,1644202720,99,52.1167,47.2167,-5.08,2.28
320,vostok,99,RU,1644202720,83,46.4856,135.8833,6.49,5.86
321,salinopolis,100,BR,1644202721,88,-0.6136,-47.3561,77.67,7.16
322,sarakhs,100,IR,1644202721,77,36.5449,61.1577,40.64,6.33
323,belmonte,40,BR,1644202722,85,-15.8631,-38.8828,77.5,6.11
324,yatou,100,CN,1644202483,41,37.15,122.3833,35.31,2.37
325,porto santo,0,PT,1644202448,69,41.1496,-8.611,48.04,5.01
326,rancharia,58,BR,1644202722,87,-22.2292,-50.8931,76.12,3.91
327,baykit,49,RU,1644202455,99,61.67,96.37,-6.72,2.98
328,batagay-alyta,100,RU,1644202723,95,67.8006,130.4114,-20.81,2.98
329,pozo colorado,2,CU,1644202724,83,22.4497,-80.1794,71.11,7.2
330,mocuba,100,MZ,1644202724,98,-16.8392,36.9856,70.79,5.91
331,muros,28,ES,1644202491,92,42.7762,-9.0603,50.23,8.77
332,omsukchan,7,RU,1644202725,78,62.5333,155.8,-4.77,0.98
333,dubbo,40,AU,1644202725,44,-32.25,148.6167,77.13,14.97
334,georgetown,20,MY,1644202726,79,5.4112,100.3354,84.13,1.01
335,aldan,100,RU,1644202726,93,58.6031,125.3894,2.05,2.1
336,roald,75,NO,1644202727,81,62.5833,6.1333,39.9,10.36
337,ayagoz,4,KZ,1644202727,90,47.9714,80.4392,-7.67,3.24
338,tskneti,39,GE,1644202728,81,41.6939,44.6937,29.7,7.25
339,karratha,65,AU,1644202728,58,-20.7377,116.8463,90.97,10.78
340,meulaboh,100,ID,1644202729,83,4.1363,96.1285,78.46,2.55
341,grand centre,2,US,1644202716,44,38.8755,-109.5012,30.6,5.23
342,boyolangu,72,ID,1644202729,68,-8.1181,111.8935,85.75,6.76
343,inuvik,75,CA,1644202730,72,68.3499,-133.7218,-22.94,12.66
344,tucuman,0,AR,1644202731,83,-26.8241,-65.2226,68.0,3.44
345,naze,100,JP,1644202731,59,28.3667,129.4833,56.32,4.76
346,sherbakul,18,RU,1644202732,91,54.6316,72.3963,-4.32,6.58
347,villaviciosa,40,ES,1644202732,81,43.4813,-5.4357,49.62,5.77
348,maralal,99,KE,1644202733,59,1.0968,36.698,59.79,2.66
349,bonthe,95,SL,1644202471,90,7.5264,-12.505,76.69,2.75
350,kieta,100,PG,1644202734,68,-6.2167,155.6333,86.86,11.68
351,tautira,72,PF,1644202735,76,-17.7333,-149.15,84.22,19.98
352,puri,94,IN,1644202736,55,19.8,85.85,66.72,4.14
353,atar,0,MR,1644202736,11,20.5169,-13.0499,69.08,5.88
354,bereda,61,ES,1644202737,98,43.2686,-7.5406,41.0,1.95
355,tilichiki,1,RU,1644202580,79,60.4667,166.1,-4.72,8.61
356,hopkinsville,37,US,1644202737,94,36.8656,-87.4886,33.03,3.06
357,sistranda,100,NO,1644202738,66,63.7256,8.834,37.36,27.11
358,ukiah,0,US,1644202739,55,39.1502,-123.2078,59.65,1.9
359,jiwani,0,PK,1644202739,68,25.05,61.7417,70.41,6.17
360,chincha alta,0,GH,1644202739,17,10.8424,-1.9239,69.19,7.0
361,ilhabela,100,BR,1644202740,96,-23.7781,-45.3581,75.81,3.62
362,mouila,36,GA,1644202740,98,-1.8685,11.0559,72.12,0.16
363,ponta do sol,3,PT,1644202741,85,38.7333,-28.2667,55.69,21.18
364,mindelo,20,CV,1644202741,73,16.8901,-24.9804,69.35,19.57
365,westport,100,US,1644202742,77,41.1415,-73.3579,32.81,4.0
366,dunedin,85,NZ,1644202474,60,-45.8742,170.5036,64.8,5.01
367,tiksi,100,RU,1644202743,98,71.6872,128.8694,-17.37,6.26
368,puerto ayacucho,0,ES,1644202743,78,36.5939,-6.233,54.25,5.75
369,cedral,93,MX,1644202744,68,23.8,-100.7333,56.43,4.68
370,petropavlovsk-kamchatskiy,75,RU,1644202744,59,53.0452,158.6483,30.79,17.9
371,tucuma,100,BR,1644202745,93,-0.1833,-50.05,75.02,4.45
372,yar-sale,47,RU,1644202746,99,66.8333,70.8333,-8.99,9.69
373,jalu,2,LY,1644202746,34,29.0331,21.5482,55.08,7.09
374,jizan,51,SA,1644202746,69,17.3333,42.6667,74.34,3.87
375,yulara,0,AU,1644202471,20,-25.2406,130.9889,89.44,9.22
376,tokur,84,RU,1644202747,83,53.1333,132.9,-1.82,0.98
377,boende,100,CD,1644202747,60,-0.2167,20.8667,71.11,2.68
378,morgaushi,100,RU,1644202748,100,55.9643,46.7743,6.96,5.28
379,abha,17,SA,1644202748,76,18.2164,42.5053,48.45,0.0
380,lazaro cardenas,13,DO,1644202749,90,19.4558,-71.3261,67.01,4.61
381,lensk,100,RU,1644202749,91,60.7253,114.9278,6.03,4.92
382,basco,100,PH,1644202750,75,20.4487,121.9702,73.33,26.82
383,kamyshin,82,RU,1644202750,95,50.0983,45.416,21.07,4.52
384,kenai,100,US,1644202629,96,60.5544,-151.2583,28.09,0.0
385,nuevo progreso,0,US,1644202751,20,33.8014,-117.1459,67.78,5.12
386,san ramon,0,ML,1644202655,13,13.3034,-4.8956,70.2,8.03
387,san quintin,0,ML,1644202752,13,13.3034,-4.8956,70.2,8.03
388,peniche,8,PT,1644202752,60,39.3558,-9.3811,52.09,5.19
389,poronaysk,99,RU,1644202753,72,49.2167,143.1167,16.59,3.69
390,haines city,100,US,1644202753,99,59.2286,-135.4441,36.73,13.18
391,saint-augustin,18,CA,1644202754,92,51.226,-58.6502,-24.81,4.99
392,veraval,5,IN,1644202754,70,20.9,70.3667,64.94,6.93
393,requena,0,ES,1644202755,43,39.4883,-1.1004,42.13,5.3
394,bargarh,25,IN,1644202755,30,21.3333,83.6167,65.57,1.05
395,ulundi,67,ZA,1644202756,92,-28.3352,31.4162,64.94,2.46
396,tomino,40,ES,1644202756,85,41.9877,-8.755,50.18,5.41
397,waddan,95,LY,1644202756,27,29.1614,16.139,54.7,6.15
398,nurota,97,UZ,1644202757,81,40.5614,65.6886,33.89,0.67
399,longyearbyen,0,SJ,1644202758,73,78.2186,15.6401,15.64,4.61
400,constitucion,0,CL,1644202758,80,-35.3333,-72.4167,57.79,4.09
401,kaitangata,52,NZ,1644202759,80,-46.2817,169.8464,59.94,8.32
402,hirara,75,JP,1644202759,60,24.8,125.2833,70.07,17.27
403,kasongo-lunda,100,CD,1644202760,98,-6.4667,16.8167,69.55,0.76
404,bilibino,18,RU,1644202760,78,68.0546,166.4372,-10.97,4.03
405,asfi,66,MA,1644202761,76,32.2994,-9.2372,56.98,12.44
406,inta,100,RU,1644202761,87,66.0317,60.1659,4.66,3.11
407,madan,5,BG,1644202762,93,41.5,24.95,19.44,6.55
408,gombong,100,ID,1644202762,77,-7.6072,109.5142,80.83,5.01
409,vrangel,2,RU,1644202763,48,42.7297,133.0839,19.02,12.33
410,rawson,0,AR,1644202686,49,-43.3002,-65.1023,63.79,18.57
411,denpasar,20,ID,1644202637,79,-8.65,115.2167,85.71,6.91
412,yeppoon,2,AU,1644202763,59,-23.1333,150.7333,83.98,14.54
413,angren,100,UZ,1644202764,94,41.0167,70.1436,31.87,3.83
414,norman wells,0,US,1644202765,70,35.2226,-97.4395,40.23,6.91
415,kattivakkam,38,IN,1644202765,83,13.2167,80.3167,78.89,4.36
416,vestmannaeyjar,100,IS,1644202765,97,63.4427,-20.2734,37.38,58.56
417,san vicente,0,ML,1644202766,13,13.3034,-4.8956,70.2,8.03
418,orocue,99,CO,1644202766,46,4.7912,-71.3354,85.05,4.97
419,palatka,100,US,1644202767,95,29.6486,-81.6376,54.99,6.24
420,granada,0,ES,1644202767,78,37.25,-3.25,42.3,2.42
421,sambava,49,MG,1644202768,86,-14.2667,50.1667,74.34,4.03
422,dandong,34,CN,1644202653,49,40.1292,124.3947,26.53,5.75
423,logumkloster,10,DK,1644202769,88,55.0594,8.9551,39.85,19.55
424,zemio,11,CF,1644202769,26,5.0314,25.1361,62.44,4.52
425,farafangana,99,MG,1644202770,93,-22.8167,47.8333,78.39,11.39
426,dong hoi,44,CM,1644202770,37,4.895,12.0057,63.54,0.4
427,ixtapa,87,MX,1644202770,90,20.7,-105.2,65.75,2.28
428,popondetta,99,PG,1644202768,59,-8.7537,148.2534,89.08,6.4
429,makubetsu,75,JP,1644202771,74,45.3714,141.8211,26.31,19.57
430,komsomolskiy,75,UZ,1644202771,87,40.4272,71.7189,38.55,4.61
431,birobidzhan,97,RU,1644202772,87,48.8,132.95,5.32,2.15
432,kang,38,BW,1644202772,60,-23.6752,22.7876,67.53,7.11
433,laon,9,FR,1644202773,72,49.5667,3.6667,43.05,17.13
434,maseru,7,LS,1644202773,88,-29.3167,27.4833,56.64,1.59
435,cape coast,0,CL,1644202774,40,-36.413,-71.9028,74.62,0.47
436,camacha,75,PT,1644202774,67,33.0833,-16.3333,59.76,14.97
437,uribia,1,CO,1644202775,77,11.7139,-72.266,76.77,11.72
438,sembe,29,CG,1644202775,36,1.6481,14.5806,66.79,0.65
439,aztec,15,US,1644202776,53,36.8222,-107.9929,32.58,3.33
440,sibu,40,MY,1644202776,83,2.3,111.8167,79.11,5.99
441,asau,100,RO,1644202777,74,46.4333,26.4,33.76,5.95
442,divnomorskoye,100,RU,1644202777,73,44.5011,38.1353,41.56,13.94
443,kavieng,55,PG,1644202778,71,-2.5744,150.7967,83.66,2.68
444,ekibastuz,10,KZ,1644202778,77,51.6667,75.3667,5.32,8.21
445,baherden,15,TM,1644202779,67,38.4362,57.4316,36.03,6.02
446,malu mare,40,AU,1644202779,44,-27.35,151.5667,85.55,10.36
447,brenham,40,US,1644202780,76,30.1669,-96.3977,50.4,3.44
448,port macquarie,100,CD,1644202503,89,-7.0349,29.7638,69.89,2.35
449,koulikoro,0,ML,1644202781,13,14.0,-7.75,64.78,8.12
450,poso,97,ID,1644202781,63,-1.3959,120.7524,85.42,4.61
451,hovd,10,MN,1644202782,72,48.0056,91.6419,-9.71,0.69
452,mao,0,ES,1644202782,93,39.8885,4.2658,46.96,5.75
453,leopold,0,AU,1644202783,48,-38.1833,144.4667,85.57,10.36
454,graneros,0,CL,1644202783,50,-34.0667,-70.7333,68.94,0.76
455,ler,100,SS,1644202784,21,8.3018,30.1418,68.25,6.22
456,banda aceh,0,IN,1644202784,49,25.4833,80.3333,58.05,3.06
457,fort-shevchenko,91,KZ,1644202785,95,44.5086,50.263,36.01,17.31
458,mwingi,98,KE,1644202785,62,-0.9344,38.0601,65.48,2.86
459,nara,99,JP,1644202786,45,34.6851,135.8049,46.96,7.52
460,mendoza,0,AR,1644202786,64,-32.8908,-68.8272,69.33,2.3
461,ucluelet,78,CA,1644202787,91,48.9329,-125.5528,45.09,1.01
462,kentau,100,KZ,1644202787,97,43.5206,68.5094,27.39,2.17
463,amahai,55,ID,1644202787,62,-3.3333,128.9167,86.79,5.39
464,ashcroft,100,CA,1644202788,97,50.7165,-121.2859,41.34,4.21
465,tambura,83,SS,1644202788,21,5.6,27.4667,64.13,4.72
466,tarata,100,BO,1644202789,81,-17.6167,-66.0167,54.82,4.47
467,faro,20,PT,1644202770,76,37.0194,-7.9322,53.38,6.91
468,kozhva,100,RU,1644202789,82,65.1073,57.0459,15.46,9.98
469,pascagoula,0,US,1644202685,94,30.3658,-88.5561,41.05,4.03
470,manyana,52,BW,1644202790,55,-23.4,21.7167,70.45,7.14
471,san rafael,0,ML,1644202766,13,13.3034,-4.8956,70.2,8.03
472,muhos,100,FI,1644202791,93,64.808,25.9931,31.78,5.73
473,gorom-gorom,0,BF,1644202791,14,14.4439,-0.2361,65.07,9.46
474,santokhgarh,32,IN,1644202792,73,31.3667,76.3167,54.54,1.57
475,sena madureira,55,TH,1644202792,48,14.327,100.4043,92.12,3.89
476,ouallam,0,NE,1644202793,15,14.3188,2.0866,64.81,10.98
477,lannion,100,FR,1644202793,93,48.75,-3.4167,50.25,9.22
478,kirkenaer,59,NO,1644202794,96,60.4564,12.0582,29.05,2.19
479,tezu,2,IN,1644202794,46,27.9167,96.1667,61.83,2.19
480,visnes,20,NO,1644202795,60,59.3556,5.2242,40.21,27.63
481,hasaki,6,JP,1644202795,34,35.7333,140.8333,48.29,7.05
482,broome,4,US,1644202533,68,42.2506,-75.833,23.9,1.01
483,marsh harbour,3,GB,1644202796,83,53.6512,-1.8078,38.61,1.99
484,havre-saint-pierre,100,CA,1644202796,71,50.2334,-63.5986,9.19,8.05
485,yerbogachen,99,RU,1644202797,97,61.2767,108.0108,-7.92,2.44
486,saldanha,35,ZA,1644202530,99,-33.0117,17.9442,62.65,7.87
487,kassala,6,SD,1644202797,58,15.451,36.4,61.84,8.48
488,tyukhtet,24,RU,1644202798,91,56.5389,89.3011,5.81,5.7
489,berlevag,60,NO,1644202799,85,70.8578,29.0864,19.9,20.71
490,ihlow,75,DE,1644202799,80,51.8833,13.3333,37.29,13.8
491,inhambane,84,MZ,1644202799,77,-23.865,35.3833,77.65,14.81
492,ailigandi,50,PA,1644202800,76,9.2333,-78.0167,78.94,10.83
493,lubango,100,AO,1644202801,49,-14.9172,13.4925,62.11,2.64
494,lazarev,100,RU,1644202802,74,52.225,141.5131,10.65,11.41
495,warrnambool,0,AU,1644202803,54,-38.3833,142.4833,83.8,12.97
496,ahuimanu,23,US,1644202806,73,21.4447,-157.8378,76.78,5.01
497,lae,74,PG,1644202807,62,-6.7221,146.9847,87.8,8.57
498,cururupu,100,BR,1644202809,95,-1.8283,-44.8683,74.88,1.79
499,morant bay,4,JM,1644202811,80,17.9,-76.4333,68.74,4.83
500,praya,0,CV,1644202813,84,14.9215,-23.5087,68.94,9.82
501,pangoa,100,PE,1644202814,91,-12.1167,-73.0,67.89,2.53
502,hualmay,100,PE,1644202815,79,-11.0964,-77.6139,70.59,9.15
503,tateyama,29,JP,1644202672,39,34.9833,139.8667,46.67,2.64
504,duyun,96,CN,1644202817,86,26.2667,107.5167,41.41,3.51
505,marquette,100,US,1644202654,78,46.5333,-87.6335,17.33,5.41
506,alabat,100,PH,1644202820,79,14.1028,122.0153,79.54,17.4
507,mulege,0,MX,1644202823,46,26.8833,-111.9833,57.74,5.35
508,springfield,15,US,1644202824,73,37.2153,-93.2982,35.19,1.01
509,barguzin,72,RU,1644202826,92,53.6167,109.6167,11.37,0.65
510,raudeberg,90,NO,1644202830,89,61.9875,5.1352,38.19,3.0
511,flin flon,84,FR,1644202834,77,48.4982,6.6557,42.06,17.47
512,luanda,100,AO,1644202834,87,-8.8368,13.2343,73.31,5.1
513,turukhansk,55,RU,1644202835,100,65.8167,87.9833,-26.21,4.09
514,rincon,90,US,1644202837,90,32.296,-81.2354,44.85,8.05
515,kotri,0,PK,1644202839,62,25.366,68.3122,66.02,4.45
516,arroyo,0,ES,1644202840,80,41.6096,-4.7969,33.6,9.22
517,merrill,100,US,1644202841,73,45.1805,-89.6835,19.17,9.22
518,kitale,59,KE,1644202842,64,1.0157,35.0062,56.44,2.06
519,wexford,74,IE,1644202843,85,52.3342,-6.4575,45.12,6.82
520,salvador,56,SV,1644202801,64,13.8333,-88.9167,73.06,2.59
521,naryan-mar,100,RU,1644202844,87,67.6713,53.087,16.27,17.02
522,gat,6,IL,1644202845,100,31.61,34.7642,54.91,6.8
523,onega,83,RU,1644202840,94,63.9061,38.1404,8.31,12.15
524,erenhot,3,CN,1644202846,70,43.6475,111.9767,10.08,5.82
525,phan rang,63,TH,1644202848,74,19.5539,99.7405,76.71,2.08
526,poum,100,NC,1644202849,86,-20.2333,164.0167,81.54,25.52
527,tibiri,0,NE,1644202850,15,13.5627,7.0485,61.02,11.48
528,naregal,61,IN,1644202851,64,15.5833,75.8167,70.99,0.87
529,emirdag,3,TR,1644202852,81,39.0197,31.15,27.97,5.53
530,russell,100,US,1644202853,72,32.3502,-85.1999,49.23,5.77
531,teahupoo,64,PF,1644202853,77,-17.8333,-149.2667,78.76,20.83
532,mitu,100,CO,1644202854,98,1.1983,-70.1733,71.4,1.48
533,sydney,75,AU,1644202486,80,-33.8679,151.2073,72.75,1.99
534,dakar,0,SN,1644202810,80,14.6937,-17.4441,68.88,15.59
535,ulaangom,93,MN,1644202856,96,49.9811,92.0667,-22.67,0.45
536,kununurra,100,AU,1644202573,70,-15.7667,128.7333,87.78,3.44
537,praia da vitoria,0,CV,1644202813,84,14.9215,-23.5087,68.94,9.82
538,srednekolymsk,30,RU,1644202764,96,67.45,153.6833,-25.64,1.68
539,wawa,0,NG,1644202858,27,9.9022,4.4192,73.85,5.17
540,port augusta,100,CD,1644202643,89,-7.0349,29.7638,69.89,2.35
541,shimoda,97,JP,1644202779,84,34.6667,138.95,46.76,1.5
542,nouadhibou,96,MR,1644202859,79,20.931,-17.0347,64.99,12.17
